productid;name;productnumber;color;safetystocklevel;reorderpoint;standardcost;listprice;size;sizeunitmeasurecode;weight;daystomanufacture;productsubcategoryid
1;Adjustable Race;AR-5381;NULL;1000;750;0;0;NULL;NULL;NULL;0;NULL
2;Bearing Ball;BA-8327;NULL;1000;750;0;0;NULL;NULL;NULL;0;NULL
3;BB Ball Bearing;BE-2349;NULL;800;600;0;0;NULL;NULL;NULL;1;NULL
4;Headset Ball Bearings;BE-2908;NULL;800;600;0;0;NULL;NULL;NULL;0;NULL
316;Blade;BL-2036;NULL;800;600;0;0;NULL;NULL;NULL;1;NULL
317;LL Crankarm;CA-5965;Black;500;375;0;0;NULL;NULL;NULL;0;NULL
318;ML Crankarm;CA-6738;Black;500;375;0;0;NULL;NULL;NULL;0;NULL
319;HL Crankarm;CA-7457;Black;500;375;0;0;NULL;NULL;NULL;0;NULL
320;Chainring Bolts;CB-2903;Silver;1000;750;0;0;NULL;NULL;NULL;0;NULL
321;Chainring Nut;CN-6137;Silver;1000;750;0;0;NULL;NULL;NULL;0;NULL
322;Chainring;CR-7833;Black;1000;750;0;0;NULL;NULL;NULL;0;NULL
323;Crown Race;CR-9981;NULL;1000;750;0;0;NULL;NULL;NULL;0;NULL
324;Chain Stays;CS-2812;NULL;1000;750;0;0;NULL;NULL;NULL;1;NULL
325;Decal 1;DC-8732;NULL;1000;750;0;0;NULL;NULL;NULL;0;NULL
326;Decal 2;DC-9824;NULL;1000;750;0;0;NULL;NULL;NULL;0;NULL
327;Down Tube;DT-2377;NULL;800;600;0;0;NULL;NULL;NULL;1;NULL
328;Mountain End Caps;EC-M092;NULL;1000;750;0;0;NULL;NULL;NULL;1;NULL
329;Road End Caps;EC-R098;NULL;1000;750;0;0;NULL;NULL;NULL;1;NULL
330;Touring End Caps;EC-T209;NULL;1000;750;0;0;NULL;NULL;NULL;1;NULL
331;Fork End;FE-3760;NULL;800;600;0;0;NULL;NULL;NULL;1;NULL
332;Freewheel;FH-2981;Silver;500;375;0;0;NULL;NULL;NULL;0;NULL
341;Flat Washer 1;FW-1000;NULL;1000;750;0;0;NULL;NULL;NULL;0;NULL
342;Flat Washer 6;FW-1200;NULL;1000;750;0;0;NULL;NULL;NULL;0;NULL
343;Flat Washer 2;FW-1400;NULL;1000;750;0;0;NULL;NULL;NULL;0;NULL
344;Flat Washer 9;FW-3400;NULL;1000;750;0;0;NULL;NULL;NULL;0;NULL
345;Flat Washer 4;FW-3800;NULL;1000;750;0;0;NULL;NULL;NULL;0;NULL
346;Flat Washer 3;FW-5160;NULL;1000;750;0;0;NULL;NULL;NULL;0;NULL
347;Flat Washer 8;FW-5800;NULL;1000;750;0;0;NULL;NULL;NULL;0;NULL
348;Flat Washer 5;FW-7160;NULL;1000;750;0;0;NULL;NULL;NULL;0;NULL
349;Flat Washer 7;FW-9160;NULL;1000;750;0;0;NULL;NULL;NULL;0;NULL
350;Fork Crown;FC-3654;NULL;800;600;0;0;NULL;NULL;NULL;1;NULL
351;Front Derailleur Cage;FC-3982;Silver;800;600;0;0;NULL;NULL;NULL;0;NULL
352;Front Derailleur Linkage;FL-2301;Silver;800;600;0;0;NULL;NULL;NULL;0;NULL
355;Guide Pulley;GP-0982;NULL;800;600;0;0;NULL;NULL;NULL;0;NULL
356;LL Grip Tape;GT-0820;NULL;800;600;0;0;NULL;NULL;NULL;0;NULL
357;ML Grip Tape;GT-1209;NULL;800;600;0;0;NULL;NULL;NULL;0;NULL
358;HL Grip Tape;GT-2908;NULL;800;600;0;0;NULL;NULL;NULL;0;NULL
359;Thin-Jam Hex Nut 9;HJ-1213;NULL;1000;750;0;0;NULL;NULL;NULL;0;NULL
360;Thin-Jam Hex Nut 10;HJ-1220;NULL;1000;750;0;0;NULL;NULL;NULL;0;NULL
361;Thin-Jam Hex Nut 1;HJ-1420;NULL;1000;750;0;0;NULL;NULL;NULL;0;NULL
362;Thin-Jam Hex Nut 2;HJ-1428;NULL;1000;750;0;0;NULL;NULL;NULL;0;NULL
363;Thin-Jam Hex Nut 15;HJ-3410;NULL;1000;750;0;0;NULL;NULL;NULL;0;NULL
364;Thin-Jam Hex Nut 16;HJ-3416;NULL;1000;750;0;0;NULL;NULL;NULL;0;NULL
365;Thin-Jam Hex Nut 5;HJ-3816;NULL;1000;750;0;0;NULL;NULL;NULL;0;NULL
366;Thin-Jam Hex Nut 6;HJ-3824;NULL;1000;750;0;0;NULL;NULL;NULL;0;NULL
367;Thin-Jam Hex Nut 3;HJ-5161;NULL;1000;750;0;0;NULL;NULL;NULL;0;NULL
368;Thin-Jam Hex Nut 4;HJ-5162;NULL;1000;750;0;0;NULL;NULL;NULL;0;NULL
369;Thin-Jam Hex Nut 13;HJ-5811;NULL;1000;750;0;0;NULL;NULL;NULL;0;NULL
370;Thin-Jam Hex Nut 14;HJ-5818;NULL;1000;750;0;0;NULL;NULL;NULL;0;NULL
371;Thin-Jam Hex Nut 7;HJ-7161;NULL;1000;750;0;0;NULL;NULL;NULL;0;NULL
372;Thin-Jam Hex Nut 8;HJ-7162;NULL;1000;750;0;0;NULL;NULL;NULL;0;NULL
373;Thin-Jam Hex Nut 12;HJ-9080;NULL;1000;750;0;0;NULL;NULL;NULL;0;NULL
374;Thin-Jam Hex Nut 11;HJ-9161;NULL;1000;750;0;0;NULL;NULL;NULL;0;NULL
375;Hex Nut 5;HN-1024;NULL;1000;750;0;0;NULL;NULL;NULL;0;NULL
376;Hex Nut 6;HN-1032;NULL;1000;750;0;0;NULL;NULL;NULL;0;NULL
377;Hex Nut 16;HN-1213;NULL;1000;750;0;0;NULL;NULL;NULL;0;NULL
378;Hex Nut 17;HN-1220;NULL;1000;750;0;0;NULL;NULL;NULL;0;NULL
379;Hex Nut 7;HN-1224;NULL;1000;750;0;0;NULL;NULL;NULL;0;NULL
380;Hex Nut 8;HN-1420;NULL;1000;750;0;0;NULL;NULL;NULL;0;NULL
381;Hex Nut 9;HN-1428;NULL;1000;750;0;0;NULL;NULL;NULL;0;NULL
382;Hex Nut 22;HN-3410;NULL;1000;750;0;0;NULL;NULL;NULL;0;NULL
383;Hex Nut 23;HN-3416;NULL;1000;750;0;0;NULL;NULL;NULL;0;NULL
384;Hex Nut 12;HN-3816;NULL;1000;750;0;0;NULL;NULL;NULL;0;NULL
385;Hex Nut 13;HN-3824;NULL;1000;750;0;0;NULL;NULL;NULL;0;NULL
386;Hex Nut 1;HN-4402;NULL;1000;750;0;0;NULL;NULL;NULL;0;NULL
387;Hex Nut 10;HN-5161;NULL;1000;750;0;0;NULL;NULL;NULL;0;NULL
388;Hex Nut 11;HN-5162;NULL;1000;750;0;0;NULL;NULL;NULL;0;NULL
389;Hex Nut 2;HN-5400;NULL;1000;750;0;0;NULL;NULL;NULL;0;NULL
390;Hex Nut 20;HN-5811;NULL;1000;750;0;0;NULL;NULL;NULL;0;NULL
391;Hex Nut 21;HN-5818;NULL;1000;750;0;0;NULL;NULL;NULL;0;NULL
392;Hex Nut 3;HN-6320;NULL;1000;750;0;0;NULL;NULL;NULL;0;NULL
393;Hex Nut 14;HN-7161;NULL;1000;750;0;0;NULL;NULL;NULL;0;NULL
394;Hex Nut 15;HN-7162;NULL;1000;750;0;0;NULL;NULL;NULL;0;NULL
395;Hex Nut 4;HN-8320;NULL;1000;750;0;0;NULL;NULL;NULL;0;NULL
396;Hex Nut 18;HN-9161;NULL;1000;750;0;0;NULL;NULL;NULL;0;NULL
397;Hex Nut 19;HN-9168;NULL;1000;750;0;0;NULL;NULL;NULL;0;NULL
398;Handlebar Tube;HT-2981;NULL;800;600;0;0;NULL;NULL;NULL;1;NULL
399;Head Tube;HT-8019;NULL;800;600;0;0;NULL;NULL;NULL;1;NULL
400;LL Hub;HU-6280;NULL;500;375;0;0;NULL;NULL;NULL;1;NULL
401;HL Hub;HU-8998;NULL;500;375;0;0;NULL;NULL;NULL;1;NULL
402;Keyed Washer;KW-4091;NULL;1000;750;0;0;NULL;NULL;NULL;0;NULL
403;External Lock Washer 3;LE-1000;NULL;1000;750;0;0;NULL;NULL;NULL;0;NULL
404;External Lock Washer 4;LE-1200;NULL;1000;750;0;0;NULL;NULL;NULL;0;NULL
405;External Lock Washer 9;LE-1201;NULL;1000;750;0;0;NULL;NULL;NULL;0;NULL
406;External Lock Washer 5;LE-1400;NULL;1000;750;0;0;NULL;NULL;NULL;0;NULL
407;External Lock Washer 7;LE-3800;NULL;1000;750;0;0;NULL;NULL;NULL;0;NULL
408;External Lock Washer 6;LE-5160;NULL;1000;750;0;0;NULL;NULL;NULL;0;NULL
409;External Lock Washer 1;LE-6000;NULL;1000;750;0;0;NULL;NULL;NULL;0;NULL
410;External Lock Washer 8;LE-7160;NULL;1000;750;0;0;NULL;NULL;NULL;0;NULL
411;External Lock Washer 2;LE-8000;NULL;1000;750;0;0;NULL;NULL;NULL;0;NULL
412;Internal Lock Washer 3;LI-1000;NULL;1000;750;0;0;NULL;NULL;NULL;0;NULL
413;Internal Lock Washer 4;LI-1200;NULL;1000;750;0;0;NULL;NULL;NULL;0;NULL
414;Internal Lock Washer 9;LI-1201;NULL;1000;750;0;0;NULL;NULL;NULL;0;NULL
415;Internal Lock Washer 5;LI-1400;NULL;1000;750;0;0;NULL;NULL;NULL;0;NULL
416;Internal Lock Washer 7;LI-3800;NULL;1000;750;0;0;NULL;NULL;NULL;0;NULL
417;Internal Lock Washer 6;LI-5160;NULL;1000;750;0;0;NULL;NULL;NULL;0;NULL
418;Internal Lock Washer 10;LI-5800;NULL;1000;750;0;0;NULL;NULL;NULL;0;NULL
419;Internal Lock Washer 1;LI-6000;NULL;1000;750;0;0;NULL;NULL;NULL;0;NULL
420;Internal Lock Washer 8;LI-7160;NULL;1000;750;0;0;NULL;NULL;NULL;0;NULL
421;Internal Lock Washer 2;LI-8000;NULL;1000;750;0;0;NULL;NULL;NULL;0;NULL
422;Thin-Jam Lock Nut 9;LJ-1213;NULL;1000;750;0;0;NULL;NULL;NULL;0;NULL
423;Thin-Jam Lock Nut 10;LJ-1220;NULL;1000;750;0;0;NULL;NULL;NULL;0;NULL
424;Thin-Jam Lock Nut 1;LJ-1420;NULL;1000;750;0;0;NULL;NULL;NULL;0;NULL
425;Thin-Jam Lock Nut 2;LJ-1428;NULL;1000;750;0;0;NULL;NULL;NULL;0;NULL
426;Thin-Jam Lock Nut 15;LJ-3410;NULL;1000;750;0;0;NULL;NULL;NULL;0;NULL
427;Thin-Jam Lock Nut 16;LJ-3416;NULL;1000;750;0;0;NULL;NULL;NULL;0;NULL
428;Thin-Jam Lock Nut 5;LJ-3816;NULL;1000;750;0;0;NULL;NULL;NULL;0;NULL
429;Thin-Jam Lock Nut 6;LJ-3824;NULL;1000;750;0;0;NULL;NULL;NULL;0;NULL
430;Thin-Jam Lock Nut 3;LJ-5161;NULL;1000;750;0;0;NULL;NULL;NULL;0;NULL
431;Thin-Jam Lock Nut 4;LJ-5162;NULL;1000;750;0;0;NULL;NULL;NULL;0;NULL
432;Thin-Jam Lock Nut 13;LJ-5811;NULL;1000;750;0;0;NULL;NULL;NULL;0;NULL
433;Thin-Jam Lock Nut 14;LJ-5818;NULL;1000;750;0;0;NULL;NULL;NULL;0;NULL
434;Thin-Jam Lock Nut 7;LJ-7161;NULL;1000;750;0;0;NULL;NULL;NULL;0;NULL
435;Thin-Jam Lock Nut 8;LJ-7162;NULL;1000;750;0;0;NULL;NULL;NULL;0;NULL
436;Thin-Jam Lock Nut 12;LJ-9080;NULL;1000;750;0;0;NULL;NULL;NULL;0;NULL
437;Thin-Jam Lock Nut 11;LJ-9161;NULL;1000;750;0;0;NULL;NULL;NULL;0;NULL
438;Lock Nut 5;LN-1024;NULL;1000;750;0;0;NULL;NULL;NULL;0;NULL
439;Lock Nut 6;LN-1032;NULL;1000;750;0;0;NULL;NULL;NULL;0;NULL
440;Lock Nut 16;LN-1213;NULL;1000;750;0;0;NULL;NULL;NULL;0;NULL
441;Lock Nut 17;LN-1220;NULL;1000;750;0;0;NULL;NULL;NULL;0;NULL
442;Lock Nut 7;LN-1224;NULL;1000;750;0;0;NULL;NULL;NULL;0;NULL
443;Lock Nut 8;LN-1420;NULL;1000;750;0;0;NULL;NULL;NULL;0;NULL
444;Lock Nut 9;LN-1428;NULL;1000;750;0;0;NULL;NULL;NULL;0;NULL
445;Lock Nut 22;LN-3410;NULL;1000;750;0;0;NULL;NULL;NULL;0;NULL
446;Lock Nut 23;LN-3416;NULL;1000;750;0;0;NULL;NULL;NULL;0;NULL
447;Lock Nut 12;LN-3816;NULL;1000;750;0;0;NULL;NULL;NULL;0;NULL
448;Lock Nut 13;LN-3824;NULL;1000;750;0;0;NULL;NULL;NULL;0;NULL
449;Lock Nut 1;LN-4400;NULL;1000;750;0;0;NULL;NULL;NULL;0;NULL
450;Lock Nut 10;LN-5161;NULL;1000;750;0;0;NULL;NULL;NULL;0;NULL
451;Lock Nut 11;LN-5162;NULL;1000;750;0;0;NULL;NULL;NULL;0;NULL
452;Lock Nut 2;LN-5400;NULL;1000;750;0;0;NULL;NULL;NULL;0;NULL
453;Lock Nut 20;LN-5811;NULL;1000;750;0;0;NULL;NULL;NULL;0;NULL
454;Lock Nut 21;LN-5818;NULL;1000;750;0;0;NULL;NULL;NULL;0;NULL
455;Lock Nut 3;LN-6320;NULL;1000;750;0;0;NULL;NULL;NULL;0;NULL
456;Lock Nut 14;LN-7161;NULL;1000;750;0;0;NULL;NULL;NULL;0;NULL
457;Lock Nut 15;LN-7162;NULL;1000;750;0;0;NULL;NULL;NULL;0;NULL
458;Lock Nut 4;LN-8320;NULL;1000;750;0;0;NULL;NULL;NULL;0;NULL
459;Lock Nut 19;LN-9080;NULL;1000;750;0;0;NULL;NULL;NULL;0;NULL
460;Lock Nut 18;LN-9161;NULL;1000;750;0;0;NULL;NULL;NULL;0;NULL
461;Lock Ring;LR-2398;Silver;1000;750;0;0;NULL;NULL;NULL;0;NULL
462;Lower Head Race;LR-8520;NULL;1000;750;0;0;NULL;NULL;NULL;0;NULL
463;Lock Washer 4;LW-1000;NULL;1000;750;0;0;NULL;NULL;NULL;0;NULL
464;Lock Washer 5;LW-1200;NULL;1000;750;0;0;NULL;NULL;NULL;0;NULL
465;Lock Washer 10;LW-1201;NULL;1000;750;0;0;NULL;NULL;NULL;0;NULL
466;Lock Washer 6;LW-1400;NULL;1000;750;0;0;NULL;NULL;NULL;0;NULL
467;Lock Washer 13;LW-3400;NULL;1000;750;0;0;NULL;NULL;NULL;0;NULL
468;Lock Washer 8;LW-3800;NULL;1000;750;0;0;NULL;NULL;NULL;0;NULL
469;Lock Washer 1;LW-4000;NULL;1000;750;0;0;NULL;NULL;NULL;0;NULL
470;Lock Washer 7;LW-5160;NULL;1000;750;0;0;NULL;NULL;NULL;0;NULL
471;Lock Washer 12;LW-5800;NULL;1000;750;0;0;NULL;NULL;NULL;0;NULL
472;Lock Washer 2;LW-6000;NULL;1000;750;0;0;NULL;NULL;NULL;0;NULL
473;Lock Washer 9;LW-7160;NULL;1000;750;0;0;NULL;NULL;NULL;0;NULL
474;Lock Washer 3;LW-8000;NULL;1000;750;0;0;NULL;NULL;NULL;0;NULL
475;Lock Washer 11;LW-9160;NULL;1000;750;0;0;NULL;NULL;NULL;0;NULL
476;Metal Angle;MA-7075;NULL;1000;750;0;0;NULL;NULL;NULL;0;NULL
477;Metal Bar 1;MB-2024;NULL;1000;750;0;0;NULL;NULL;NULL;0;NULL
478;Metal Bar 2;MB-6061;NULL;1000;750;0;0;NULL;NULL;NULL;0;NULL
479;Metal Plate 2;MP-2066;NULL;1000;750;0;0;NULL;NULL;NULL;0;NULL
480;Metal Plate 1;MP-2503;NULL;1000;750;0;0;NULL;NULL;NULL;0;NULL
481;Metal Plate 3;MP-4960;NULL;1000;750;0;0;NULL;NULL;NULL;0;NULL
482;Metal Sheet 2;MS-0253;NULL;1000;750;0;0;NULL;NULL;NULL;0;NULL
483;Metal Sheet 3;MS-1256;NULL;1000;750;0;0;NULL;NULL;NULL;0;NULL
484;Metal Sheet 7;MS-1981;NULL;1000;750;0;0;NULL;NULL;NULL;0;NULL
485;Metal Sheet 4;MS-2259;NULL;1000;750;0;0;NULL;NULL;NULL;0;NULL
486;Metal Sheet 5;MS-2341;NULL;1000;750;0;0;NULL;NULL;NULL;0;NULL
487;Metal Sheet 6;MS-2348;NULL;1000;750;0;0;NULL;NULL;NULL;0;NULL
488;Metal Sheet 1;MS-6061;NULL;1000;750;0;0;NULL;NULL;NULL;0;NULL
489;Metal Tread Plate;MT-1000;NULL;1000;750;0;0;NULL;NULL;NULL;0;NULL
490;LL Nipple;NI-4127;NULL;1000;750;0;0;NULL;NULL;NULL;0;NULL
491;HL Nipple;NI-9522;NULL;1000;750;0;0;NULL;NULL;NULL;0;NULL
492;Paint - Black;PA-187B;NULL;60;45;0;0;NULL;NULL;NULL;0;NULL
493;Paint - Red;PA-361R;NULL;60;45;0;0;NULL;NULL;NULL;0;NULL
494;Paint - Silver;PA-529S;NULL;60;45;0;0;NULL;NULL;NULL;0;NULL
495;Paint - Blue;PA-632U;NULL;60;45;0;0;NULL;NULL;NULL;0;NULL
496;Paint - Yellow;PA-823Y;NULL;60;45;0;0;NULL;NULL;NULL;0;NULL
497;Pinch Bolt;PB-6109;NULL;1000;750;0;0;NULL;NULL;NULL;0;NULL
504;Cup-Shaped Race;RA-2345;NULL;1000;750;0;0;NULL;NULL;NULL;0;NULL
505;Cone-Shaped Race;RA-7490;NULL;1000;750;0;0;NULL;NULL;NULL;0;NULL
506;Reflector;RF-9198;NULL;1000;750;0;0;NULL;NULL;NULL;0;NULL
507;LL Mountain Rim;RM-M464;NULL;800;600;0;0;NULL;NULL;435;0;NULL
508;ML Mountain Rim;RM-M692;NULL;800;600;0;0;NULL;NULL;450;0;NULL
509;HL Mountain Rim;RM-M823;NULL;800;600;0;0;NULL;NULL;400;0;NULL
510;LL Road Rim;RM-R436;NULL;800;600;0;0;NULL;NULL;445;0;NULL
511;ML Road Rim;RM-R600;NULL;800;600;0;0;NULL;NULL;450;0;NULL
512;HL Road Rim;RM-R800;NULL;800;600;0;0;NULL;NULL;400;0;NULL
513;Touring Rim;RM-T801;NULL;800;600;0;0;NULL;NULL;460;0;NULL
514;LL Mountain Seat Assembly;SA-M198;NULL;500;375;99;133;NULL;NULL;NULL;1;NULL
515;ML Mountain Seat Assembly;SA-M237;NULL;500;375;109;147;NULL;NULL;NULL;1;NULL
516;HL Mountain Seat Assembly;SA-M687;NULL;500;375;146;197;NULL;NULL;NULL;1;NULL
517;LL Road Seat Assembly;SA-R127;NULL;500;375;99;133;NULL;NULL;NULL;1;NULL
518;ML Road Seat Assembly;SA-R430;NULL;500;375;109;147;NULL;NULL;NULL;1;NULL
519;HL Road Seat Assembly;SA-R522;NULL;500;375;146;197;NULL;NULL;NULL;1;NULL
520;LL Touring Seat Assembly;SA-T467;NULL;500;375;99;133;NULL;NULL;NULL;1;NULL
521;ML Touring Seat Assembly;SA-T612;NULL;500;375;109;147;NULL;NULL;NULL;1;NULL
522;HL Touring Seat Assembly;SA-T872;NULL;500;375;146;197;NULL;NULL;NULL;1;NULL
523;LL Spindle/Axle;SD-2342;NULL;500;375;0;0;NULL;NULL;NULL;0;NULL
524;HL Spindle/Axle;SD-9872;NULL;500;375;0;0;NULL;NULL;NULL;0;NULL
525;LL Shell;SH-4562;NULL;800;600;0;0;NULL;NULL;NULL;0;NULL
526;HL Shell;SH-9312;NULL;800;600;0;0;NULL;NULL;NULL;0;NULL
527;Spokes;SK-9283;NULL;1000;750;0;0;NULL;NULL;NULL;0;NULL
528;Seat Lug;SL-0931;NULL;1000;750;0;0;NULL;NULL;NULL;0;NULL
529;Stem;SM-9087;NULL;500;375;0;0;NULL;NULL;NULL;1;NULL
530;Seat Post;SP-2981;NULL;500;375;0;0;NULL;NULL;NULL;0;NULL
531;Steerer;SR-2098;NULL;500;375;0;0;NULL;NULL;NULL;1;NULL
532;Seat Stays;SS-2985;NULL;800;600;0;0;NULL;NULL;NULL;1;NULL
533;Seat Tube;ST-9828;NULL;500;375;0;0;NULL;NULL;NULL;1;NULL
534;Top Tube;TO-2301;NULL;500;375;0;0;NULL;NULL;NULL;1;NULL
535;Tension Pulley;TP-0923;NULL;800;600;0;0;NULL;NULL;NULL;0;NULL
679;Rear Derailleur Cage;RC-0291;Silver;500;375;0;0;NULL;NULL;NULL;0;NULL
680;HL Road Frame - Black, 58;FR-R92B-58;Black;500;375;1059;1432;58;CM ;2;1;14
706;HL Road Frame - Red, 58;FR-R92R-58;Red;500;375;1059;1432;58;CM ;2;1;14
707;Sport-100 Helmet, Red;HL-U509-R;Red;4;3;130863;35;NULL;NULL;NULL;0;31
708;Sport-100 Helmet, Black;HL-U509;Black;4;3;130863;35;NULL;NULL;NULL;0;31
709;Mountain Bike Socks, M;SO-B909-M;White;4;3;33963;10;M;NULL;NULL;0;23
710;Mountain Bike Socks, L;SO-B909-L;White;4;3;33963;10;L;NULL;NULL;0;23
711;Sport-100 Helmet, Blue;HL-U509-B;Blue;4;3;130863;35;NULL;NULL;NULL;0;31
712;AWC Logo Cap;CA-1098;Multi;4;3;69223;9;NULL;NULL;NULL;0;19
713;Long-Sleeve Logo Jersey, S;LJ-0192-S;Multi;4;3;384923;50;S;NULL;NULL;0;21
714;Long-Sleeve Logo Jersey, M;LJ-0192-M;Multi;4;3;384923;50;M;NULL;NULL;0;21
715;Long-Sleeve Logo Jersey, L;LJ-0192-L;Multi;4;3;384923;50;L;NULL;NULL;0;21
716;Long-Sleeve Logo Jersey, XL;LJ-0192-X;Multi;4;3;384923;50;XL;NULL;NULL;0;21
717;HL Road Frame - Red, 62;FR-R92R-62;Red;500;375;8686342;1432;62;CM ;2;1;14
718;HL Road Frame - Red, 44;FR-R92R-44;Red;500;375;8686342;1432;44;CM ;2;1;14
719;HL Road Frame - Red, 48;FR-R92R-48;Red;500;375;8686342;1432;48;CM ;2;1;14
720;HL Road Frame - Red, 52;FR-R92R-52;Red;500;375;8686342;1432;52;CM ;2;1;14
721;HL Road Frame - Red, 56;FR-R92R-56;Red;500;375;8686342;1432;56;CM ;2;1;14
722;LL Road Frame - Black, 58;FR-R38B-58;Black;500;375;2046251;337;58;CM ;2;1;14
723;LL Road Frame - Black, 60;FR-R38B-60;Black;500;375;2046251;337;60;CM ;2;1;14
724;LL Road Frame - Black, 62;FR-R38B-62;Black;500;375;2046251;337;62;CM ;3;1;14
725;LL Road Frame - Red, 44;FR-R38R-44;Red;500;375;1871571;337;44;CM ;2;1;14
726;LL Road Frame - Red, 48;FR-R38R-48;Red;500;375;1871571;337;48;CM ;2;1;14
727;LL Road Frame - Red, 52;FR-R38R-52;Red;500;375;1871571;337;52;CM ;2;1;14
728;LL Road Frame - Red, 58;FR-R38R-58;Red;500;375;1871571;337;58;CM ;2;1;14
729;LL Road Frame - Red, 60;FR-R38R-60;Red;500;375;1871571;337;60;CM ;2;1;14
730;LL Road Frame - Red, 62;FR-R38R-62;Red;500;375;1871571;337;62;CM ;3;1;14
731;ML Road Frame - Red, 44;FR-R72R-44;Red;500;375;3521394;595;44;CM ;2;1;14
732;ML Road Frame - Red, 48;FR-R72R-48;Red;500;375;3521394;595;48;CM ;2;1;14
733;ML Road Frame - Red, 52;FR-R72R-52;Red;500;375;3521394;595;52;CM ;2;1;14
734;ML Road Frame - Red, 58;FR-R72R-58;Red;500;375;3521394;595;58;CM ;2;1;14
735;ML Road Frame - Red, 60;FR-R72R-60;Red;500;375;3521394;595;60;CM ;2;1;14
736;LL Road Frame - Black, 44;FR-R38B-44;Black;500;375;2046251;337;44;CM ;2;1;14
737;LL Road Frame - Black, 48;FR-R38B-48;Black;500;375;2046251;337;48;CM ;2;1;14
738;LL Road Frame - Black, 52;FR-R38B-52;Black;500;375;2046251;337;52;CM ;2;1;14
739;HL Mountain Frame - Silver, 42;FR-M94S-42;Silver;500;375;7472002;1365;42;CM ;3;1;12
740;HL Mountain Frame - Silver, 44;FR-M94S-44;Silver;500;375;706811;1365;44;CM ;3;1;12
741;HL Mountain Frame - Silver, 48;FR-M94S-52;Silver;500;375;706811;1365;48;CM ;3;1;12
742;HL Mountain Frame - Silver, 46;FR-M94S-46;Silver;500;375;7472002;1365;46;CM ;3;1;12
743;HL Mountain Frame - Black, 42;FR-M94B-42;Black;500;375;739041;1350;42;CM ;3;1;12
744;HL Mountain Frame - Black, 44;FR-M94B-44;Black;500;375;6990928;1350;44;CM ;3;1;12
745;HL Mountain Frame - Black, 48;FR-M94B-48;Black;500;375;6990928;1350;48;CM ;3;1;12
746;HL Mountain Frame - Black, 46;FR-M94B-46;Black;500;375;739041;1350;46;CM ;3;1;12
747;HL Mountain Frame - Black, 38;FR-M94B-38;Black;500;375;739041;1350;38;CM ;3;2;12
748;HL Mountain Frame - Silver, 38;FR-M94S-38;Silver;500;375;7472002;1365;38;CM ;3;2;12
749;Road-150 Red, 62;BK-R93R-62;Red;100;75;21712942;3578;62;CM ;15;4;2
750;Road-150 Red, 44;BK-R93R-44;Red;100;75;21712942;3578;44;CM ;14;4;2
751;Road-150 Red, 48;BK-R93R-48;Red;100;75;21712942;3578;48;CM ;14;4;2
752;Road-150 Red, 52;BK-R93R-52;Red;100;75;21712942;3578;52;CM ;14;4;2
753;Road-150 Red, 56;BK-R93R-56;Red;100;75;21712942;3578;56;CM ;15;4;2
754;Road-450 Red, 58;BK-R68R-58;Red;100;75;8847083;1458;58;CM ;18;4;2
755;Road-450 Red, 60;BK-R68R-60;Red;100;75;8847083;1458;60;CM ;18;4;2
756;Road-450 Red, 44;BK-R68R-44;Red;100;75;8847083;1458;44;CM ;17;4;2
757;Road-450 Red, 48;BK-R68R-48;Red;100;75;8847083;1458;48;CM ;17;4;2
758;Road-450 Red, 52;BK-R68R-52;Red;100;75;8847083;1458;52;CM ;17;4;2
759;Road-650 Red, 58;BK-R50R-58;Red;100;75;4867066;783;58;CM ;20;4;2
760;Road-650 Red, 60;BK-R50R-60;Red;100;75;4867066;783;60;CM ;20;4;2
761;Road-650 Red, 62;BK-R50R-62;Red;100;75;4867066;783;62;CM ;20;4;2
762;Road-650 Red, 44;BK-R50R-44;Red;100;75;4867066;783;44;CM ;19;4;2
763;Road-650 Red, 48;BK-R50R-48;Red;100;75;4867066;783;48;CM ;19;4;2
764;Road-650 Red, 52;BK-R50R-52;Red;100;75;4867066;783;52;CM ;19;4;2
765;Road-650 Black, 58;BK-R50B-58;Black;100;75;4867066;783;58;CM ;20;4;2
766;Road-650 Black, 60;BK-R50B-60;Black;100;75;4867066;783;60;CM ;20;4;2
767;Road-650 Black, 62;BK-R50B-62;Black;100;75;4867066;783;62;CM ;20;4;2
768;Road-650 Black, 44;BK-R50B-44;Black;100;75;4867066;783;44;CM ;19;4;2
769;Road-650 Black, 48;BK-R50B-48;Black;100;75;4867066;783;48;CM ;19;4;2
770;Road-650 Black, 52;BK-R50B-52;Black;100;75;4867066;783;52;CM ;19;4;2
771;Mountain-100 Silver, 38;BK-M82S-38;Silver;100;75;19121544;3400;38;CM ;20;4;1
772;Mountain-100 Silver, 42;BK-M82S-42;Silver;100;75;19121544;3400;42;CM ;21;4;1
773;Mountain-100 Silver, 44;BK-M82S-44;Silver;100;75;19121544;3400;44;CM ;21;4;1
774;Mountain-100 Silver, 48;BK-M82S-48;Silver;100;75;19121544;3400;48;CM ;21;4;1
775;Mountain-100 Black, 38;BK-M82B-38;Black;100;75;18980944;3375;38;CM ;20;4;1
776;Mountain-100 Black, 42;BK-M82B-42;Black;100;75;18980944;3375;42;CM ;21;4;1
777;Mountain-100 Black, 44;BK-M82B-44;Black;100;75;18980944;3375;44;CM ;21;4;1
778;Mountain-100 Black, 48;BK-M82B-48;Black;100;75;18980944;3375;48;CM ;21;4;1
779;Mountain-200 Silver, 38;BK-M68S-38;Silver;100;75;12656195;2320;38;CM ;23;4;1
780;Mountain-200 Silver, 42;BK-M68S-42;Silver;100;75;12656195;2320;42;CM ;24;4;1
781;Mountain-200 Silver, 46;BK-M68S-46;Silver;100;75;12656195;2320;46;CM ;24;4;1
782;Mountain-200 Black, 38;BK-M68B-38;Black;100;75;12519813;2295;38;CM ;23;4;1
783;Mountain-200 Black, 42;BK-M68B-42;Black;100;75;12519813;2295;42;CM ;24;4;1
784;Mountain-200 Black, 46;BK-M68B-46;Black;100;75;12519813;2295;46;CM ;24;4;1
785;Mountain-300 Black, 38;BK-M47B-38;Black;100;75;5984354;1080;38;CM ;25;4;1
786;Mountain-300 Black, 40;BK-M47B-40;Black;100;75;5984354;1080;40;CM ;26;4;1
787;Mountain-300 Black, 44;BK-M47B-44;Black;100;75;5984354;1080;44;CM ;26;4;1
788;Mountain-300 Black, 48;BK-M47B-48;Black;100;75;5984354;1080;48;CM ;26;4;1
789;Road-250 Red, 44;BK-R89R-44;Red;100;75;15187864;2443;44;CM ;15;4;2
790;Road-250 Red, 48;BK-R89R-48;Red;100;75;15187864;2443;48;CM ;15;4;2
791;Road-250 Red, 52;BK-R89R-52;Red;100;75;15187864;2443;52;CM ;15;4;2
792;Road-250 Red, 58;BK-R89R-58;Red;100;75;15549479;2443;58;CM ;16;4;2
793;Road-250 Black, 44;BK-R89B-44;Black;100;75;15549479;2443;44;CM ;15;4;2
794;Road-250 Black, 48;BK-R89B-48;Black;100;75;15549479;2443;48;CM ;15;4;2
795;Road-250 Black, 52;BK-R89B-52;Black;100;75;15549479;2443;52;CM ;15;4;2
796;Road-250 Black, 58;BK-R89B-58;Black;100;75;15549479;2443;58;CM ;16;4;2
797;Road-550-W Yellow, 38;BK-R64Y-38;Yellow;100;75;7130798;1120;38;CM ;17;4;2
798;Road-550-W Yellow, 40;BK-R64Y-40;Yellow;100;75;7130798;1120;40;CM ;18;4;2
799;Road-550-W Yellow, 42;BK-R64Y-42;Yellow;100;75;7130798;1120;42;CM ;18;4;2
800;Road-550-W Yellow, 44;BK-R64Y-44;Yellow;100;75;7130798;1120;44;CM ;18;4;2
801;Road-550-W Yellow, 48;BK-R64Y-48;Yellow;100;75;7130798;1120;48;CM ;19;4;2
802;LL Fork;FK-1639;NULL;500;375;658097;148;NULL;NULL;NULL;1;10
803;ML Fork;FK-5136;NULL;500;375;779176;175;NULL;NULL;NULL;1;10
804;HL Fork;FK-9939;NULL;500;375;1018936;229;NULL;NULL;NULL;1;10
805;LL Headset;HS-0296;NULL;500;375;151848;34;NULL;NULL;NULL;1;11
806;ML Headset;HS-2451;NULL;500;375;454168;102;NULL;NULL;NULL;1;11
807;HL Headset;HS-3479;NULL;500;375;553801;125;NULL;NULL;NULL;1;11
808;LL Mountain Handlebars;HB-M243;NULL;500;375;197758;45;NULL;NULL;NULL;1;4
809;ML Mountain Handlebars;HB-M763;NULL;500;375;274925;62;NULL;NULL;NULL;1;4
810;HL Mountain Handlebars;HB-M918;NULL;500;375;533999;120;NULL;NULL;NULL;1;4
811;LL Road Handlebars;HB-R504;NULL;500;375;197758;45;NULL;NULL;NULL;1;4
812;ML Road Handlebars;HB-R720;NULL;500;375;274925;62;NULL;NULL;NULL;1;4
813;HL Road Handlebars;HB-R956;NULL;500;375;533999;120;NULL;NULL;NULL;1;4
814;ML Mountain Frame - Black, 38;FR-M63B-38;Black;500;375;1858193;349;38;CM ;3;2;12
815;LL Mountain Front Wheel;FW-M423;Black;500;375;269708;60745;NULL;NULL;NULL;1;17
816;ML Mountain Front Wheel;FW-M762;Black;500;375;928071;209025;NULL;NULL;NULL;1;17
817;HL Mountain Front Wheel;FW-M928;Black;500;375;1332955;300215;NULL;NULL;NULL;1;17
818;LL Road Front Wheel;FW-R623;Black;500;375;379909;85565;NULL;NULL;900;1;17
819;ML Road Front Wheel;FW-R762;Black;500;375;1102829;248385;NULL;NULL;850;1;17
820;HL Road Front Wheel;FW-R820;Black;500;375;1465466;330;NULL;NULL;650;1;17
821;Touring Front Wheel;FW-T905;Black;500;375;967964;218;NULL;NULL;NULL;1;17
822;ML Road Frame-W - Yellow, 38;FR-R72Y-38;Yellow;500;375;3609428;595;38;CM ;2;2;14
823;LL Mountain Rear Wheel;RW-M423;Black;500;375;389588;87745;NULL;NULL;NULL;1;17
824;ML Mountain Rear Wheel;RW-M762;Black;500;375;1047951;236025;NULL;NULL;NULL;1;17
825;HL Mountain Rear Wheel;RW-M928;Black;500;375;1452835;327215;NULL;NULL;NULL;1;17
826;LL Road Rear Wheel;RW-R623;Black;500;375;499789;112565;NULL;NULL;1050;1;17
827;ML Road Rear Wheel;RW-R762;Black;500;375;1222709;275385;NULL;NULL;1000;1;17
828;HL Road Rear Wheel;RW-R820;Black;500;375;1585346;357;NULL;NULL;890;1;17
829;Touring Rear Wheel;RW-T905;Black;500;375;1087844;245;NULL;NULL;NULL;1;17
830;ML Mountain Frame - Black, 40;FR-M63B-40;Black;500;375;1858193;349;40;CM ;3;1;12
831;ML Mountain Frame - Black, 44;FR-M63B-44;Black;500;375;1858193;349;44;CM ;3;1;12
832;ML Mountain Frame - Black, 48;FR-M63B-48;Black;500;375;1858193;349;48;CM ;3;1;12
833;ML Road Frame-W - Yellow, 40;FR-R72Y-40;Yellow;500;375;3609428;595;40;CM ;2;1;14
834;ML Road Frame-W - Yellow, 42;FR-R72Y-42;Yellow;500;375;3609428;595;42;CM ;2;1;14
835;ML Road Frame-W - Yellow, 44;FR-R72Y-44;Yellow;500;375;3609428;595;44;CM ;2;1;14
836;ML Road Frame-W - Yellow, 48;FR-R72Y-48;Yellow;500;375;3609428;595;48;CM ;2;1;14
837;HL Road Frame - Black, 62;FR-R92B-62;Black;500;375;8686342;1432;62;CM ;2;1;14
838;HL Road Frame - Black, 44;FR-R92B-44;Black;500;375;8686342;1432;44;CM ;2;1;14
839;HL Road Frame - Black, 48;FR-R92B-48;Black;500;375;8686342;1432;48;CM ;2;1;14
840;HL Road Frame - Black, 52;FR-R92B-52;Black;500;375;8686342;1432;52;CM ;2;1;14
841;Men's Sports Shorts, S;SH-M897-S;Black;4;3;247459;60;S;NULL;NULL;0;22
842;Touring-Panniers, Large;PA-T100;Grey;4;3;515625;125;NULL;NULL;NULL;0;35
843;Cable Lock;LO-C100;NULL;4;3;103125;25;NULL;NULL;NULL;0;34
844;Minipump;PU-0452;NULL;4;3;82459;20;NULL;NULL;NULL;0;36
845;Mountain Pump;PU-M044;NULL;4;3;103084;25;NULL;NULL;NULL;0;36
846;Taillights - Battery-Powered;LT-T990;NULL;4;3;57709;14;NULL;NULL;NULL;0;33
847;Headlights - Dual-Beam;LT-H902;NULL;4;3;144334;35;NULL;NULL;NULL;0;33
848;Headlights - Weatherproof;LT-H903;NULL;4;3;185584;45;NULL;NULL;NULL;0;33
849;Men's Sports Shorts, M;SH-M897-M;Black;4;3;247459;60;M;NULL;NULL;0;22
850;Men's Sports Shorts, L;SH-M897-L;Black;4;3;247459;60;L;NULL;NULL;0;22
851;Men's Sports Shorts, XL;SH-M897-X;Black;4;3;247459;60;XL;NULL;NULL;0;22
852;Women's Tights, S;TG-W091-S;Black;4;3;309334;75;S;NULL;NULL;0;24
853;Women's Tights, M;TG-W091-M;Black;4;3;309334;75;M;NULL;NULL;0;24
854;Women's Tights, L;TG-W091-L;Black;4;3;309334;75;L;NULL;NULL;0;24
855;Men's Bib-Shorts, S;SB-M891-S;Multi;4;3;371209;90;S;NULL;NULL;0;18
856;Men's Bib-Shorts, M;SB-M891-M;Multi;4;3;371209;90;M;NULL;NULL;0;18
857;Men's Bib-Shorts, L;SB-M891-L;Multi;4;3;371209;90;L;NULL;NULL;0;18
858;Half-Finger Gloves, S;GL-H102-S;Black;4;3;91593;24;S;NULL;NULL;0;20
859;Half-Finger Gloves, M;GL-H102-M;Black;4;3;91593;24;M;NULL;NULL;0;20
860;Half-Finger Gloves, L;GL-H102-L;Black;4;3;91593;24;L;NULL;NULL;0;20
861;Full-Finger Gloves, S;GL-F110-S;Black;4;3;156709;38;S;NULL;NULL;0;20
862;Full-Finger Gloves, M;GL-F110-M;Black;4;3;156709;38;M;NULL;NULL;0;20
863;Full-Finger Gloves, L;GL-F110-L;Black;4;3;156709;38;L;NULL;NULL;0;20
864;Classic Vest, S;VE-C304-S;Blue;4;3;23749;64;S;NULL;NULL;0;25
865;Classic Vest, M;VE-C304-M;Blue;4;3;23749;64;M;NULL;NULL;0;25
866;Classic Vest, L;VE-C304-L;Blue;4;3;23749;64;L;NULL;NULL;0;25
867;Women's Mountain Shorts, S;SH-W890-S;Black;4;3;261763;70;S;NULL;NULL;0;22
868;Women's Mountain Shorts, M;SH-W890-M;Black;4;3;261763;70;M;NULL;NULL;0;22
869;Women's Mountain Shorts, L;SH-W890-L;Black;4;3;261763;70;L;NULL;NULL;0;22
870;Water Bottle - 30 oz.;WB-H098;NULL;4;3;18663;5;NULL;NULL;NULL;0;28
871;Mountain Bottle Cage;BC-M005;NULL;4;3;37363;10;NULL;NULL;NULL;0;28
872;Road Bottle Cage;BC-R205;NULL;4;3;33623;9;NULL;NULL;NULL;0;28
873;Patch Kit/8 Patches;PK-7098;NULL;4;3;1;2;NULL;NULL;NULL;0;37
874;Racing Socks, M;SO-R809-M;White;4;3;33623;9;M;NULL;NULL;0;23
875;Racing Socks, L;SO-R809-L;White;4;3;33623;9;L;NULL;NULL;0;23
876;Hitch Rack - 4-Bike;RA-H123;NULL;4;3;45;120;NULL;NULL;NULL;0;26
877;Bike Wash - Dissolver;CL-9009;NULL;4;3;29733;8;NULL;NULL;NULL;0;29
878;Fender Set - Mountain;FE-6654;NULL;4;3;82205;22;NULL;NULL;NULL;0;30
879;All-Purpose Bike Stand;ST-1401;NULL;4;3;59466;159;NULL;NULL;NULL;0;27
880;Hydration Pack - 70 oz.;HY-1023-70;Silver;4;3;205663;55;70;NULL;NULL;0;32
881;Short-Sleeve Classic Jersey, S;SJ-0194-S;Yellow;4;3;415723;54;S;NULL;NULL;0;21
882;Short-Sleeve Classic Jersey, M;SJ-0194-M;Yellow;4;3;415723;54;M;NULL;NULL;0;21
883;Short-Sleeve Classic Jersey, L;SJ-0194-L;Yellow;4;3;415723;54;L;NULL;NULL;0;21
884;Short-Sleeve Classic Jersey, XL;SJ-0194-X;Yellow;4;3;415723;54;XL;NULL;NULL;0;21
885;HL Touring Frame - Yellow, 60;FR-T98Y-60;Yellow;500;375;6017437;1004;60;CM ;3;1;16
886;LL Touring Frame - Yellow, 62;FR-T67Y-62;Yellow;500;375;1998519;333;62;CM ;3;1;16
887;HL Touring Frame - Yellow, 46;FR-T98Y-46;Yellow;500;375;6017437;1004;46;CM ;3;1;16
888;HL Touring Frame - Yellow, 50;FR-T98Y-50;Yellow;500;375;6017437;1004;50;CM ;3;1;16
889;HL Touring Frame - Yellow, 54;FR-T98Y-54;Yellow;500;375;6017437;1004;54;CM ;3;1;16
890;HL Touring Frame - Blue, 46;FR-T98U-46;Blue;500;375;6017437;1004;46;CM ;3;1;16
891;HL Touring Frame - Blue, 50;FR-T98U-50;Blue;500;375;6017437;1004;50;CM ;3;1;16
892;HL Touring Frame - Blue, 54;FR-T98U-54;Blue;500;375;6017437;1004;54;CM ;3;1;16
893;HL Touring Frame - Blue, 60;FR-T98U-60;Blue;500;375;6017437;1004;60;CM ;3;1;16
894;Rear Derailleur;RD-2308;Silver;500;375;539282;121;NULL;NULL;215;1;9
895;LL Touring Frame - Blue, 50;FR-T67U-50;Blue;500;375;1998519;333;50;CM ;3;1;16
896;LL Touring Frame - Blue, 54;FR-T67U-54;Blue;500;375;1998519;333;54;CM ;3;1;16
897;LL Touring Frame - Blue, 58;FR-T67U-58;Blue;500;375;1998519;333;58;CM ;3;1;16
898;LL Touring Frame - Blue, 62;FR-T67U-62;Blue;500;375;1998519;333;62;CM ;3;1;16
899;LL Touring Frame - Yellow, 44;FR-T67Y-44;Yellow;500;375;1998519;333;44;CM ;3;1;16
900;LL Touring Frame - Yellow, 50;FR-T67Y-50;Yellow;500;375;1998519;333;50;CM ;3;1;16
901;LL Touring Frame - Yellow, 54;FR-T67Y-54;Yellow;500;375;1998519;333;54;CM ;3;1;16
902;LL Touring Frame - Yellow, 58;FR-T67Y-58;Yellow;500;375;1998519;333;58;CM ;3;1;16
903;LL Touring Frame - Blue, 44;FR-T67U-44;Blue;500;375;1998519;333;44;CM ;3;1;16
904;ML Mountain Frame-W - Silver, 40;FR-M63S-40;Silver;500;375;1993757;364;40;CM ;3;1;12
905;ML Mountain Frame-W - Silver, 42;FR-M63S-42;Silver;500;375;1993757;364;42;CM ;3;1;12
906;ML Mountain Frame-W - Silver, 46;FR-M63S-46;Silver;500;375;1993757;364;46;CM ;3;1;12
907;Rear Brakes;RB-9231;Silver;500;375;47286;107;NULL;NULL;317;1;6
908;LL Mountain Seat/Saddle;SE-M236;NULL;500;375;120413;27;NULL;NULL;NULL;1;15
909;ML Mountain Seat/Saddle;SE-M798;NULL;500;375;173782;39;NULL;NULL;NULL;1;15
910;HL Mountain Seat/Saddle;SE-M940;NULL;500;375;233722;53;NULL;NULL;NULL;1;15
911;LL Road Seat/Saddle;SE-R581;NULL;500;375;120413;27;NULL;NULL;NULL;1;15
912;ML Road Seat/Saddle;SE-R908;NULL;500;375;173782;39;NULL;NULL;NULL;1;15
913;HL Road Seat/Saddle;SE-R995;NULL;500;375;233722;53;NULL;NULL;NULL;1;15
914;LL Touring Seat/Saddle;SE-T312;NULL;500;375;120413;27;NULL;NULL;NULL;1;15
915;ML Touring Seat/Saddle;SE-T762;NULL;500;375;173782;39;NULL;NULL;NULL;1;15
916;HL Touring Seat/Saddle;SE-T924;NULL;500;375;233722;53;NULL;NULL;NULL;1;15
917;LL Mountain Frame - Silver, 42;FR-M21S-42;Silver;500;375;1445938;264;42;CM ;3;1;12
918;LL Mountain Frame - Silver, 44;FR-M21S-44;Silver;500;375;1445938;264;44;CM ;3;1;12
919;LL Mountain Frame - Silver, 48;FR-M21S-48;Silver;500;375;1445938;264;48;CM ;3;1;12
920;LL Mountain Frame - Silver, 52;FR-M21S-52;Silver;500;375;1445938;264;52;CM ;3;1;12
921;Mountain Tire Tube;TT-M928;NULL;500;375;18663;5;NULL;NULL;NULL;0;37
922;Road Tire Tube;TT-R982;NULL;500;375;14923;4;NULL;NULL;NULL;0;37
923;Touring Tire Tube;TT-T092;NULL;500;375;18663;5;NULL;NULL;NULL;0;37
924;LL Mountain Frame - Black, 42;FR-M21B-42;Black;500;375;136785;250;42;CM ;3;1;12
925;LL Mountain Frame - Black, 44;FR-M21B-44;Black;500;375;136785;250;44;CM ;3;1;12
926;LL Mountain Frame - Black, 48;FR-M21B-48;Black;500;375;136785;250;48;CM ;3;1;12
927;LL Mountain Frame - Black, 52;FR-M21B-52;Black;500;375;136785;250;52;CM ;3;1;12
928;LL Mountain Tire;TI-M267;NULL;500;375;93463;25;NULL;NULL;NULL;0;37
929;ML Mountain Tire;TI-M602;NULL;500;375;112163;30;NULL;NULL;NULL;0;37
930;HL Mountain Tire;TI-M823;NULL;500;375;13;35;NULL;NULL;NULL;0;37
931;LL Road Tire;TI-R092;NULL;500;375;80373;21;NULL;NULL;NULL;0;37
932;ML Road Tire;TI-R628;NULL;500;375;93463;25;NULL;NULL;NULL;0;37
933;HL Road Tire;TI-R982;NULL;500;375;121924;33;NULL;NULL;NULL;0;37
934;Touring Tire;TI-T723;NULL;500;375;108423;29;NULL;NULL;NULL;0;37
935;LL Mountain Pedal;PD-M282;Silver/Black;500;375;179776;40;NULL;NULL;218;1;13
936;ML Mountain Pedal;PD-M340;Silver/Black;500;375;27568;62;NULL;NULL;215;1;13
937;HL Mountain Pedal;PD-M562;Silver/Black;500;375;359596;81;NULL;NULL;185;1;13
938;LL Road Pedal;PD-R347;Silver/Black;500;375;179776;40;NULL;NULL;189;1;13
939;ML Road Pedal;PD-R563;Silver/Black;500;375;27568;62;NULL;NULL;168;1;13
940;HL Road Pedal;PD-R853;Silver/Black;500;375;359596;81;NULL;NULL;149;1;13
941;Touring Pedal;PD-T852;Silver/Black;500;375;359596;81;NULL;NULL;NULL;1;13
942;ML Mountain Frame-W - Silver, 38;FR-M63S-38;Silver;500;375;1993757;364;38;CM ;3;2;12
943;LL Mountain Frame - Black, 40;FR-M21B-40;Black;500;375;136785;250;40;CM ;3;2;12
944;LL Mountain Frame - Silver, 40;FR-M21S-40;Silver;500;375;1445938;264;40;CM ;3;2;12
945;Front Derailleur;FD-2342;Silver;500;375;406216;91;NULL;NULL;88;1;9
946;LL Touring Handlebars;HB-T721;NULL;500;375;20464;46;NULL;NULL;NULL;1;4
947;HL Touring Handlebars;HB-T928;NULL;500;375;406571;92;NULL;NULL;NULL;1;4
948;Front Brakes;FB-9873;Silver;500;375;47286;107;NULL;NULL;317;1;6
949;LL Crankset;CS-4759;Black;500;375;779176;175;NULL;NULL;600;1;8
950;ML Crankset;CS-6583;Black;500;375;1138816;256;NULL;NULL;635;1;8
951;HL Crankset;CS-9183;Black;500;375;1798156;405;NULL;NULL;575;1;8
952;Chain;CH-0234;Silver;500;375;89866;20;NULL;NULL;NULL;1;7
953;Touring-2000 Blue, 60;BK-T44U-60;Blue;100;75;7551508;1215;60;CM ;28;4;3
954;Touring-1000 Yellow, 46;BK-T79Y-46;Yellow;100;75;14819379;2384;46;CM ;25;4;3
955;Touring-1000 Yellow, 50;BK-T79Y-50;Yellow;100;75;14819379;2384;50;CM ;25;4;3
956;Touring-1000 Yellow, 54;BK-T79Y-54;Yellow;100;75;14819379;2384;54;CM ;26;4;3
957;Touring-1000 Yellow, 60;BK-T79Y-60;Yellow;100;75;14819379;2384;60;CM ;26;4;3
958;Touring-3000 Blue, 54;BK-T18U-54;Blue;100;75;4614448;742;54;CM ;30;4;3
959;Touring-3000 Blue, 58;BK-T18U-58;Blue;100;75;4614448;742;58;CM ;30;4;3
960;Touring-3000 Blue, 62;BK-T18U-62;Blue;100;75;4614448;742;62;CM ;30;4;3
961;Touring-3000 Yellow, 44;BK-T18Y-44;Yellow;100;75;4614448;742;44;CM ;29;4;3
962;Touring-3000 Yellow, 50;BK-T18Y-50;Yellow;100;75;4614448;742;50;CM ;29;4;3
963;Touring-3000 Yellow, 54;BK-T18Y-54;Yellow;100;75;4614448;742;54;CM ;29;4;3
964;Touring-3000 Yellow, 58;BK-T18Y-58;Yellow;100;75;4614448;742;58;CM ;30;4;3
965;Touring-3000 Yellow, 62;BK-T18Y-62;Yellow;100;75;4614448;742;62;CM ;30;4;3
966;Touring-1000 Blue, 46;BK-T79U-46;Blue;100;75;14819379;2384;46;CM ;25;4;3
967;Touring-1000 Blue, 50;BK-T79U-50;Blue;100;75;14819379;2384;50;CM ;25;4;3
968;Touring-1000 Blue, 54;BK-T79U-54;Blue;100;75;14819379;2384;54;CM ;26;4;3
969;Touring-1000 Blue, 60;BK-T79U-60;Blue;100;75;14819379;2384;60;CM ;26;4;3
970;Touring-2000 Blue, 46;BK-T44U-46;Blue;100;75;7551508;1215;46;CM ;27;4;3
971;Touring-2000 Blue, 50;BK-T44U-50;Blue;100;75;7551508;1215;50;CM ;27;4;3
972;Touring-2000 Blue, 54;BK-T44U-54;Blue;100;75;7551508;1215;54;CM ;28;4;3
973;Road-350-W Yellow, 40;BK-R79Y-40;Yellow;100;75;1083;1701;40;CM ;15;4;2
974;Road-350-W Yellow, 42;BK-R79Y-42;Yellow;100;75;1083;1701;42;CM ;16;4;2
975;Road-350-W Yellow, 44;BK-R79Y-44;Yellow;100;75;1083;1701;44;CM ;16;4;2
976;Road-350-W Yellow, 48;BK-R79Y-48;Yellow;100;75;1083;1701;48;CM ;16;4;2
977;Road-750 Black, 58;BK-R19B-58;Black;100;75;3436496;540;58;CM ;21;4;2
978;Touring-3000 Blue, 44;BK-T18U-44;Blue;100;75;4614448;742;44;CM ;29;4;3
979;Touring-3000 Blue, 50;BK-T18U-50;Blue;100;75;4614448;742;50;CM ;29;4;3
980;Mountain-400-W Silver, 38;BK-M38S-38;Silver;100;75;4197784;769;38;CM ;26;4;1
981;Mountain-400-W Silver, 40;BK-M38S-40;Silver;100;75;4197784;769;40;CM ;27;4;1
982;Mountain-400-W Silver, 42;BK-M38S-42;Silver;100;75;4197784;769;42;CM ;27;4;1
983;Mountain-400-W Silver, 46;BK-M38S-46;Silver;100;75;4197784;769;46;CM ;27;4;1
984;Mountain-500 Silver, 40;BK-M18S-40;Silver;100;75;3082179;565;40;CM ;27;4;1
985;Mountain-500 Silver, 42;BK-M18S-42;Silver;100;75;3082179;565;42;CM ;28;4;1
986;Mountain-500 Silver, 44;BK-M18S-44;Silver;100;75;3082179;565;44;CM ;28;4;1
987;Mountain-500 Silver, 48;BK-M18S-48;Silver;100;75;3082179;565;48;CM ;28;4;1
988;Mountain-500 Silver, 52;BK-M18S-52;Silver;100;75;3082179;565;52;CM ;29;4;1
989;Mountain-500 Black, 40;BK-M18B-40;Black;100;75;2945797;540;40;CM ;27;4;1
990;Mountain-500 Black, 42;BK-M18B-42;Black;100;75;2945797;540;42;CM ;28;4;1
991;Mountain-500 Black, 44;BK-M18B-44;Black;100;75;2945797;540;44;CM ;28;4;1
992;Mountain-500 Black, 48;BK-M18B-48;Black;100;75;2945797;540;48;CM ;28;4;1
993;Mountain-500 Black, 52;BK-M18B-52;Black;100;75;2945797;540;52;CM ;29;4;1
994;LL Bottom Bracket;BB-7421;NULL;500;375;239716;54;NULL;NULL;223;1;5
995;ML Bottom Bracket;BB-8107;NULL;500;375;449506;101;NULL;NULL;168;1;5
996;HL Bottom Bracket;BB-9108;NULL;500;375;539416;121;NULL;NULL;170;1;5
997;Road-750 Black, 44;BK-R19B-44;Black;100;75;3436496;540;44;CM ;20;4;2
998;Road-750 Black, 48;BK-R19B-48;Black;100;75;3436496;540;48;CM ;20;4;2
999;Road-750 Black, 52;BK-R19B-52;Black;100;75;3436496;540;52;CM ;20;4;2
